config,property,scenario,selection_reason,consistency_run_id,consistency_experiment_id,consistency_manifest_status,consistency_planned_trials,consistency_observed_trials,valid_observations,in_order,timeouts,operation_errors,read_misses,precondition_unmatched,acked_write_lost,interrupted,indeterminate,observed_violations,failed_operations,consistency_raw_log,consistency_manifest,latency_run_id,latency_trials,latency_successful_operation_records,latency_failed_operation_records,latency_raw_log,latency_manifest
C1,RYW,normal,primary consistency matrix,matrix-20260926T063608Z,C1-normal-RYW-matrix-20260926T063608Z-seed0,complete,2000,2000,2000,0,0,0,0,0,0,0,0,0,0,results/raw/C1-normal-RYW-matrix-20260926T063608Z-seed0.jsonl,results/manifests/C1-normal-RYW-matrix-20260926T063608Z-seed0.json,p95-hires-20260926,2000,4000,0,results/raw/C1-normal-RYW-p95-hires-20260926-seed0.jsonl,results/manifests/C1-normal-RYW-p95-hires-20260926-seed0.json
C1,RYW,secondary_down,primary consistency matrix,matrix-20260926T063608Z,C1-secondary_down-RYW-matrix-20260926T063608Z-seed0,complete,30,30,30,0,0,0,0,0,0,0,0,0,0,results/raw/C1-secondary_down-RYW-matrix-20260926T063608Z-seed0.jsonl,results/manifests/C1-secondary_down-RYW-matrix-20260926T063608Z-seed0.json,,,,,,
C1,RYW,primary_down,primary consistency matrix,matrix-20260926T063608Z,C1-primary_down-RYW-matrix-20260926T063608Z-seed0,complete,30,30,0,0,30,0,0,0,0,0,0,0,30,results/raw/C1-primary_down-RYW-matrix-20260926T063608Z-seed0.jsonl,results/manifests/C1-primary_down-RYW-matrix-20260926T063608Z-seed0.json,,,,,,
C1,RYW,partition,primary consistency matrix,matrix-20260926T063608Z,C1-partition-RYW-matrix-20260926T063608Z-seed0,complete,30,30,0,0,30,0,0,0,0,0,0,0,30,results/raw/C1-partition-RYW-matrix-20260926T063608Z-seed0.jsonl,results/manifests/C1-partition-RYW-matrix-20260926T063608Z-seed0.json,,,,,,
C1,MR,normal,primary consistency matrix,matrix-20260926T063608Z,C1-normal-MR-matrix-20260926T063608Z-seed0,complete,2000,2000,2000,0,0,0,0,0,0,0,0,0,0,results/raw/C1-normal-MR-matrix-20260926T063608Z-seed0.jsonl,results/manifests/C1-normal-MR-matrix-20260926T063608Z-seed0.json,p95-hires-20260926,2000,6000,0,results/raw/C1-normal-MR-p95-hires-20260926-seed0.jsonl,results/manifests/C1-normal-MR-p95-hires-20260926-seed0.json
C1,MR,secondary_down,primary consistency matrix,matrix-20260926T063608Z,C1-secondary_down-MR-matrix-20260926T063608Z-seed0,complete,30,30,30,0,0,0,0,0,0,0,0,0,0,results/raw/C1-secondary_down-MR-matrix-20260926T063608Z-seed0.jsonl,results/manifests/C1-secondary_down-MR-matrix-20260926T063608Z-seed0.json,,,,,,
C1,MR,primary_down,primary consistency matrix,matrix-20260926T063608Z,C1-primary_down-MR-matrix-20260926T063608Z-seed0,complete,30,30,0,0,30,0,0,0,0,0,0,0,30,results/raw/C1-primary_down-MR-matrix-20260926T063608Z-seed0.jsonl,results/manifests/C1-primary_down-MR-matrix-20260926T063608Z-seed0.json,,,,,,
C1,MR,partition,primary consistency matrix,matrix-20260926T063608Z,C1-partition-MR-matrix-20260926T063608Z-seed0,complete,30,30,0,0,30,0,0,0,0,0,0,0,30,results/raw/C1-partition-MR-matrix-20260926T063608Z-seed0.jsonl,results/manifests/C1-partition-MR-matrix-20260926T063608Z-seed0.json,,,,,,
C1,MW,normal,primary consistency matrix,matrix-20260926T063608Z,C1-normal-MW-matrix-20260926T063608Z-seed0,complete,2000,2000,0,1998,1,1,0,0,0,0,0,0,2,results/raw/C1-normal-MW-matrix-20260926T063608Z-seed0.jsonl,results/manifests/C1-normal-MW-matrix-20260926T063608Z-seed0.json,p95-hires-20260926,2000,8000,0,results/raw/C1-normal-MW-p95-hires-20260926-seed0.jsonl,results/manifests/C1-normal-MW-p95-hires-20260926-seed0.json
C1,MW,secondary_down,primary consistency matrix,matrix-20260926T063608Z,C1-secondary_down-MW-matrix-20260926T063608Z-seed0,complete,30,30,0,30,0,0,0,0,0,0,0,0,0,results/raw/C1-secondary_down-MW-matrix-20260926T063608Z-seed0.jsonl,results/manifests/C1-secondary_down-MW-matrix-20260926T063608Z-seed0.json,,,,,,
C1,MW,primary_down,primary consistency matrix,matrix-20260926T063608Z,C1-primary_down-MW-matrix-20260926T063608Z-seed0,complete,30,30,0,0,30,0,0,0,0,0,0,0,30,results/raw/C1-primary_down-MW-matrix-20260926T063608Z-seed0.jsonl,results/manifests/C1-primary_down-MW-matrix-20260926T063608Z-seed0.json,,,,,,
C1,MW,partition,primary consistency matrix,matrix-20260926T063608Z,C1-partition-MW-matrix-20260926T063608Z-seed0,complete,30,30,0,0,30,0,0,0,0,0,0,0,30,results/raw/C1-partition-MW-matrix-20260926T063608Z-seed0.jsonl,results/manifests/C1-partition-MW-matrix-20260926T063608Z-seed0.json,,,,,,
C1,WFR,normal,primary consistency matrix,matrix-20260926T063608Z,C1-normal-WFR-matrix-20260926T063608Z-seed0,complete,2000,2000,1998,0,1,1,0,0,0,0,0,0,2,results/raw/C1-normal-WFR-matrix-20260926T063608Z-seed0.jsonl,results/manifests/C1-normal-WFR-matrix-20260926T063608Z-seed0.json,p95-hires-20260926,2000,4000,0,results/raw/C1-normal-WFR-p95-hires-20260926-seed0.jsonl,results/manifests/C1-normal-WFR-p95-hires-20260926-seed0.json
C1,WFR,secondary_down,primary consistency matrix,matrix-20260926T063608Z,C1-secondary_down-WFR-matrix-20260926T063608Z-seed0,complete,30,30,30,0,0,0,0,0,0,0,0,0,0,results/raw/C1-secondary_down-WFR-matrix-20260926T063608Z-seed0.jsonl,results/manifests/C1-secondary_down-WFR-matrix-20260926T063608Z-seed0.json,,,,,,
C1,WFR,primary_down,primary consistency matrix,matrix-20260926T063608Z,C1-primary_down-WFR-matrix-20260926T063608Z-seed0,complete,30,30,0,0,30,0,0,0,0,0,0,0,30,results/raw/C1-primary_down-WFR-matrix-20260926T063608Z-seed0.jsonl,results/manifests/C1-primary_down-WFR-matrix-20260926T063608Z-seed0.json,,,,,,
C1,WFR,partition,primary consistency matrix,matrix-20260926T063608Z,C1-partition-WFR-matrix-20260926T063608Z-seed0,complete,30,30,0,0,30,0,0,0,0,0,0,0,30,results/raw/C1-partition-WFR-matrix-20260926T063608Z-seed0.jsonl,results/manifests/C1-partition-WFR-matrix-20260926T063608Z-seed0.json,,,,,,
C2,RYW,normal,primary consistency matrix,matrix-20260926T063608Z,C2-normal-RYW-matrix-20260926T063608Z-seed0,complete,2000,2000,1999,0,0,1,0,0,0,0,0,0,1,results/raw/C2-normal-RYW-matrix-20260926T063608Z-seed0.jsonl,results/manifests/C2-normal-RYW-matrix-20260926T063608Z-seed0.json,p95-hires-20260926,2000,4000,0,results/raw/C2-normal-RYW-p95-hires-20260926-seed0.jsonl,results/manifests/C2-normal-RYW-p95-hires-20260926-seed0.json
C2,RYW,secondary_down,primary consistency matrix,matrix-20260926T063608Z,C2-secondary_down-RYW-matrix-20260926T063608Z-seed0,complete,30,30,30,0,0,0,0,0,0,0,0,0,0,results/raw/C2-secondary_down-RYW-matrix-20260926T063608Z-seed0.jsonl,results/manifests/C2-secondary_down-RYW-matrix-20260926T063608Z-seed0.json,,,,,,
C2,RYW,primary_down,primary consistency matrix,matrix-20260926T063608Z,C2-primary_down-RYW-matrix-20260926T063608Z-seed0,complete,30,30,0,0,30,0,0,0,0,0,0,0,30,results/raw/C2-primary_down-RYW-matrix-20260926T063608Z-seed0.jsonl,results/manifests/C2-primary_down-RYW-matrix-20260926T063608Z-seed0.json,,,,,,
C2,RYW,partition,primary consistency matrix,matrix-20260926T063608Z,C2-partition-RYW-matrix-20260926T063608Z-seed0,complete,30,30,0,0,30,0,0,0,0,0,0,0,30,results/raw/C2-partition-RYW-matrix-20260926T063608Z-seed0.jsonl,results/manifests/C2-partition-RYW-matrix-20260926T063608Z-seed0.json,,,,,,
C2,MR,normal,corrected MR rerun supersedes parser-bugged historical MR cell,mr-corrected-20260926,C2-normal-MR-mr-corrected-20260926-seed0,complete,2000,2000,2000,0,0,0,0,0,0,0,0,0,0,results/raw/C2-normal-MR-mr-corrected-20260926-seed0.jsonl,results/manifests/C2-normal-MR-mr-corrected-20260926-seed0.json,p95-hires-20260926,2000,6000,0,results/raw/C2-normal-MR-p95-hires-20260926-seed0.jsonl,results/manifests/C2-normal-MR-p95-hires-20260926-seed0.json
C2,MR,secondary_down,corrected MR rerun supersedes parser-bugged historical MR cell,mr-corrected-20260926,C2-secondary_down-MR-mr-corrected-20260926-seed0,complete,30,30,30,0,0,0,0,0,0,0,0,0,0,results/raw/C2-secondary_down-MR-mr-corrected-20260926-seed0.jsonl,results/manifests/C2-secondary_down-MR-mr-corrected-20260926-seed0.json,,,,,,
C2,MR,primary_down,corrected MR rerun supersedes parser-bugged historical MR cell,mr-corrected-20260926,C2-primary_down-MR-mr-corrected-20260926-seed0,complete,30,30,0,0,30,0,0,0,0,0,0,0,30,results/raw/C2-primary_down-MR-mr-corrected-20260926-seed0.jsonl,results/manifests/C2-primary_down-MR-mr-corrected-20260926-seed0.json,,,,,,
C2,MR,partition,corrected MR rerun supersedes parser-bugged historical MR cell,mr-corrected-20260926,C2-partition-MR-mr-corrected-20260926-seed0,complete,30,30,0,0,30,0,0,0,0,0,0,0,30,results/raw/C2-partition-MR-mr-corrected-20260926-seed0.jsonl,results/manifests/C2-partition-MR-mr-corrected-20260926-seed0.json,,,,,,
C2,MW,normal,primary consistency matrix,matrix-20260926T063608Z,C2-normal-MW-matrix-20260926T063608Z-seed0,complete,2000,2000,0,1999,0,1,0,0,0,0,0,0,1,results/raw/C2-normal-MW-matrix-20260926T063608Z-seed0.jsonl,results/manifests/C2-normal-MW-matrix-20260926T063608Z-seed0.json,p95-hires-20260926,2000,8000,0,results/raw/C2-normal-MW-p95-hires-20260926-seed0.jsonl,results/manifests/C2-normal-MW-p95-hires-20260926-seed0.json
C2,MW,secondary_down,primary consistency matrix,matrix-20260926T063608Z,C2-secondary_down-MW-matrix-20260926T063608Z-seed0,complete,30,30,0,30,0,0,0,0,0,0,0,0,0,results/raw/C2-secondary_down-MW-matrix-20260926T063608Z-seed0.jsonl,results/manifests/C2-secondary_down-MW-matrix-20260926T063608Z-seed0.json,,,,,,
C2,MW,primary_down,primary consistency matrix,matrix-20260926T063608Z,C2-primary_down-MW-matrix-20260926T063608Z-seed0,complete,30,30,0,30,0,0,0,0,0,0,0,0,0,results/raw/C2-primary_down-MW-matrix-20260926T063608Z-seed0.jsonl,results/manifests/C2-primary_down-MW-matrix-20260926T063608Z-seed0.json,,,,,,
C2,MW,partition,primary consistency matrix,matrix-20260926T063608Z,C2-partition-MW-matrix-20260926T063608Z-seed0,complete,30,30,0,30,0,0,0,0,0,0,0,0,0,results/raw/C2-partition-MW-matrix-20260926T063608Z-seed0.jsonl,results/manifests/C2-partition-MW-matrix-20260926T063608Z-seed0.json,,,,,,
C2,WFR,normal,primary consistency matrix,matrix-20260926T063608Z,C2-normal-WFR-matrix-20260926T063608Z-seed0,complete,2000,2000,2000,0,0,0,0,0,0,0,0,0,0,results/raw/C2-normal-WFR-matrix-20260926T063608Z-seed0.jsonl,results/manifests/C2-normal-WFR-matrix-20260926T063608Z-seed0.json,p95-hires-20260926,2000,4000,0,results/raw/C2-normal-WFR-p95-hires-20260926-seed0.jsonl,results/manifests/C2-normal-WFR-p95-hires-20260926-seed0.json
C2,WFR,secondary_down,primary consistency matrix,matrix-20260926T063608Z,C2-secondary_down-WFR-matrix-20260926T063608Z-seed0,complete,30,30,30,0,0,0,0,0,0,0,0,0,0,results/raw/C2-secondary_down-WFR-matrix-20260926T063608Z-seed0.jsonl,results/manifests/C2-secondary_down-WFR-matrix-20260926T063608Z-seed0.json,,,,,,
C2,WFR,primary_down,primary consistency matrix,matrix-20260926T063608Z,C2-primary_down-WFR-matrix-20260926T063608Z-seed0,complete,30,30,0,0,30,0,0,0,0,0,0,0,30,results/raw/C2-primary_down-WFR-matrix-20260926T063608Z-seed0.jsonl,results/manifests/C2-primary_down-WFR-matrix-20260926T063608Z-seed0.json,,,,,,
C2,WFR,partition,primary consistency matrix,matrix-20260926T063608Z,C2-partition-WFR-matrix-20260926T063608Z-seed0,complete,30,30,0,0,30,0,0,0,0,0,0,0,30,results/raw/C2-partition-WFR-matrix-20260926T063608Z-seed0.jsonl,results/manifests/C2-partition-WFR-matrix-20260926T063608Z-seed0.json,,,,,,
C3,RYW,normal,primary consistency matrix,matrix-20260926T063608Z,C3-normal-RYW-matrix-20260926T063608Z-seed0,complete,2000,2000,1999,0,0,1,0,0,0,0,0,0,1,results/raw/C3-normal-RYW-matrix-20260926T063608Z-seed0.jsonl,results/manifests/C3-normal-RYW-matrix-20260926T063608Z-seed0.json,p95-hires-20260926,2000,4000,0,results/raw/C3-normal-RYW-p95-hires-20260926-seed0.jsonl,results/manifests/C3-normal-RYW-p95-hires-20260926-seed0.json
C3,RYW,secondary_down,primary consistency matrix,matrix-20260926T063608Z,C3-secondary_down-RYW-matrix-20260926T063608Z-seed0,complete,30,30,30,0,0,0,0,0,0,0,0,0,0,results/raw/C3-secondary_down-RYW-matrix-20260926T063608Z-seed0.jsonl,results/manifests/C3-secondary_down-RYW-matrix-20260926T063608Z-seed0.json,,,,,,
C3,RYW,primary_down,primary consistency matrix,matrix-20260926T063608Z,C3-primary_down-RYW-matrix-20260926T063608Z-seed0,complete,30,30,0,0,30,0,0,0,0,0,0,0,30,results/raw/C3-primary_down-RYW-matrix-20260926T063608Z-seed0.jsonl,results/manifests/C3-primary_down-RYW-matrix-20260926T063608Z-seed0.json,,,,,,
C3,RYW,partition,primary consistency matrix,matrix-20260926T063608Z,C3-partition-RYW-matrix-20260926T063608Z-seed0,complete,30,30,0,0,30,0,0,0,0,0,0,0,30,results/raw/C3-partition-RYW-matrix-20260926T063608Z-seed0.jsonl,results/manifests/C3-partition-RYW-matrix-20260926T063608Z-seed0.json,,,,,,
C3,MR,normal,corrected MR rerun supersedes parser-bugged historical MR cell,mr-corrected-20260926,C3-normal-MR-mr-corrected-20260926-seed0,complete,2000,2000,2000,0,0,0,0,0,0,0,0,0,0,results/raw/C3-normal-MR-mr-corrected-20260926-seed0.jsonl,results/manifests/C3-normal-MR-mr-corrected-20260926-seed0.json,p95-hires-20260926,2000,6000,0,results/raw/C3-normal-MR-p95-hires-20260926-seed0.jsonl,results/manifests/C3-normal-MR-p95-hires-20260926-seed0.json
C3,MR,secondary_down,corrected MR rerun supersedes parser-bugged historical MR cell,mr-corrected-20260926,C3-secondary_down-MR-mr-corrected-20260926-seed0,complete,30,30,30,0,0,0,0,0,0,0,0,0,0,results/raw/C3-secondary_down-MR-mr-corrected-20260926-seed0.jsonl,results/manifests/C3-secondary_down-MR-mr-corrected-20260926-seed0.json,,,,,,
C3,MR,primary_down,corrected MR rerun supersedes parser-bugged historical MR cell,mr-corrected-20260926,C3-primary_down-MR-mr-corrected-20260926-seed0,complete,30,30,0,0,30,0,0,0,0,0,0,0,30,results/raw/C3-primary_down-MR-mr-corrected-20260926-seed0.jsonl,results/manifests/C3-primary_down-MR-mr-corrected-20260926-seed0.json,,,,,,
C3,MR,partition,corrected MR rerun supersedes parser-bugged historical MR cell,mr-corrected-20260926,C3-partition-MR-mr-corrected-20260926-seed0,complete,30,30,0,0,30,0,0,0,0,0,0,0,30,results/raw/C3-partition-MR-mr-corrected-20260926-seed0.jsonl,results/manifests/C3-partition-MR-mr-corrected-20260926-seed0.json,,,,,,
C3,MW,normal,primary consistency matrix,matrix-20260926T063608Z,C3-normal-MW-matrix-20260926T063608Z-seed0,complete,2000,2000,0,2000,0,0,0,0,0,0,0,0,0,results/raw/C3-normal-MW-matrix-20260926T063608Z-seed0.jsonl,results/manifests/C3-normal-MW-matrix-20260926T063608Z-seed0.json,p95-hires-20260926,2000,8000,0,results/raw/C3-normal-MW-p95-hires-20260926-seed0.jsonl,results/manifests/C3-normal-MW-p95-hires-20260926-seed0.json
C3,MW,secondary_down,primary consistency matrix,matrix-20260926T063608Z,C3-secondary_down-MW-matrix-20260926T063608Z-seed0,complete,30,30,0,30,0,0,0,0,0,0,0,0,0,results/raw/C3-secondary_down-MW-matrix-20260926T063608Z-seed0.jsonl,results/manifests/C3-secondary_down-MW-matrix-20260926T063608Z-seed0.json,,,,,,
C3,MW,primary_down,primary consistency matrix,matrix-20260926T063608Z,C3-primary_down-MW-matrix-20260926T063608Z-seed0,complete,30,30,0,30,0,0,0,0,0,0,0,0,0,results/raw/C3-primary_down-MW-matrix-20260926T063608Z-seed0.jsonl,results/manifests/C3-primary_down-MW-matrix-20260926T063608Z-seed0.json,,,,,,
C3,MW,partition,primary consistency matrix,matrix-20260926T063608Z,C3-partition-MW-matrix-20260926T063608Z-seed0,complete,30,30,0,30,0,0,0,0,0,0,0,0,0,results/raw/C3-partition-MW-matrix-20260926T063608Z-seed0.jsonl,results/manifests/C3-partition-MW-matrix-20260926T063608Z-seed0.json,,,,,,
C3,WFR,normal,primary consistency matrix,matrix-20260926T063608Z,C3-normal-WFR-matrix-20260926T063608Z-seed0,complete,2000,2000,1999,0,0,1,0,0,0,0,0,0,1,results/raw/C3-normal-WFR-matrix-20260926T063608Z-seed0.jsonl,results/manifests/C3-normal-WFR-matrix-20260926T063608Z-seed0.json,p95-hires-20260926,2000,4000,0,results/raw/C3-normal-WFR-p95-hires-20260926-seed0.jsonl,results/manifests/C3-normal-WFR-p95-hires-20260926-seed0.json
C3,WFR,secondary_down,primary consistency matrix,matrix-20260926T063608Z,C3-secondary_down-WFR-matrix-20260926T063608Z-seed0,complete,30,30,30,0,0,0,0,0,0,0,0,0,0,results/raw/C3-secondary_down-WFR-matrix-20260926T063608Z-seed0.jsonl,results/manifests/C3-secondary_down-WFR-matrix-20260926T063608Z-seed0.json,,,,,,
C3,WFR,primary_down,primary consistency matrix,matrix-20260926T063608Z,C3-primary_down-WFR-matrix-20260926T063608Z-seed0,complete,30,30,0,0,30,0,0,0,0,0,0,0,30,results/raw/C3-primary_down-WFR-matrix-20260926T063608Z-seed0.jsonl,results/manifests/C3-primary_down-WFR-matrix-20260926T063608Z-seed0.json,,,,,,
C3,WFR,partition,primary consistency matrix,matrix-20260926T063608Z,C3-partition-WFR-matrix-20260926T063608Z-seed0,complete,30,30,0,0,30,0,0,0,0,0,0,0,30,results/raw/C3-partition-WFR-matrix-20260926T063608Z-seed0.jsonl,results/manifests/C3-partition-WFR-matrix-20260926T063608Z-seed0.json,,,,,,
C4,RYW,normal,primary consistency matrix,matrix-20260926T063608Z,C4-normal-RYW-matrix-20260926T063608Z-seed0,complete,2000,2000,1998,0,1,1,0,0,0,0,0,0,2,results/raw/C4-normal-RYW-matrix-20260926T063608Z-seed0.jsonl,results/manifests/C4-normal-RYW-matrix-20260926T063608Z-seed0.json,p95-hires-20260926,2000,4000,0,results/raw/C4-normal-RYW-p95-hires-20260926-seed0.jsonl,results/manifests/C4-normal-RYW-p95-hires-20260926-seed0.json
C4,RYW,secondary_down,primary consistency matrix,matrix-20260926T063608Z,C4-secondary_down-RYW-matrix-20260926T063608Z-seed0,complete,30,30,30,0,0,0,0,0,0,0,0,0,0,results/raw/C4-secondary_down-RYW-matrix-20260926T063608Z-seed0.jsonl,results/manifests/C4-secondary_down-RYW-matrix-20260926T063608Z-seed0.json,,,,,,
C4,RYW,primary_down,primary consistency matrix,matrix-20260926T063608Z,C4-primary_down-RYW-matrix-20260926T063608Z-seed0,complete,30,30,0,0,30,0,0,0,0,0,0,0,30,results/raw/C4-primary_down-RYW-matrix-20260926T063608Z-seed0.jsonl,results/manifests/C4-primary_down-RYW-matrix-20260926T063608Z-seed0.json,,,,,,
C4,RYW,partition,primary consistency matrix,matrix-20260926T063608Z,C4-partition-RYW-matrix-20260926T063608Z-seed0,complete,30,30,0,0,30,0,0,0,0,0,0,0,30,results/raw/C4-partition-RYW-matrix-20260926T063608Z-seed0.jsonl,results/manifests/C4-partition-RYW-matrix-20260926T063608Z-seed0.json,,,,,,
C4,MR,normal,corrected MR rerun supersedes parser-bugged historical MR cell,mr-corrected-20260926,C4-normal-MR-mr-corrected-20260926-seed0,complete,2000,2000,1998,0,1,1,0,0,0,0,0,0,2,results/raw/C4-normal-MR-mr-corrected-20260926-seed0.jsonl,results/manifests/C4-normal-MR-mr-corrected-20260926-seed0.json,p95-hires-20260926,2000,6000,0,results/raw/C4-normal-MR-p95-hires-20260926-seed0.jsonl,results/manifests/C4-normal-MR-p95-hires-20260926-seed0.json
C4,MR,secondary_down,corrected MR rerun supersedes parser-bugged historical MR cell,mr-corrected-20260926,C4-secondary_down-MR-mr-corrected-20260926-seed0,complete,30,30,30,0,0,0,0,0,0,0,0,0,0,results/raw/C4-secondary_down-MR-mr-corrected-20260926-seed0.jsonl,results/manifests/C4-secondary_down-MR-mr-corrected-20260926-seed0.json,,,,,,
C4,MR,primary_down,corrected MR rerun supersedes parser-bugged historical MR cell,mr-corrected-20260926,C4-primary_down-MR-mr-corrected-20260926-seed0,complete,30,30,0,0,30,0,0,0,0,0,0,0,30,results/raw/C4-primary_down-MR-mr-corrected-20260926-seed0.jsonl,results/manifests/C4-primary_down-MR-mr-corrected-20260926-seed0.json,,,,,,
C4,MR,partition,corrected MR rerun supersedes parser-bugged historical MR cell,mr-corrected-20260926,C4-partition-MR-mr-corrected-20260926-seed0,complete,30,30,0,0,30,0,0,0,0,0,0,0,30,results/raw/C4-partition-MR-mr-corrected-20260926-seed0.jsonl,results/manifests/C4-partition-MR-mr-corrected-20260926-seed0.json,,,,,,
C4,MW,normal,primary consistency matrix,matrix-20260926T063608Z,C4-normal-MW-matrix-20260926T063608Z-seed0,complete,2000,2000,0,1999,0,1,0,0,0,0,0,0,1,results/raw/C4-normal-MW-matrix-20260926T063608Z-seed0.jsonl,results/manifests/C4-normal-MW-matrix-20260926T063608Z-seed0.json,p95-hires-20260926,2000,8000,0,results/raw/C4-normal-MW-p95-hires-20260926-seed0.jsonl,results/manifests/C4-normal-MW-p95-hires-20260926-seed0.json
C4,MW,secondary_down,primary consistency matrix,matrix-20260926T063608Z,C4-secondary_down-MW-matrix-20260926T063608Z-seed0,complete,30,30,0,30,0,0,0,0,0,0,0,0,0,results/raw/C4-secondary_down-MW-matrix-20260926T063608Z-seed0.jsonl,results/manifests/C4-secondary_down-MW-matrix-20260926T063608Z-seed0.json,,,,,,
C4,MW,primary_down,primary consistency matrix,matrix-20260926T063608Z,C4-primary_down-MW-matrix-20260926T063608Z-seed0,complete,30,30,0,0,30,0,0,0,0,0,0,0,30,results/raw/C4-primary_down-MW-matrix-20260926T063608Z-seed0.jsonl,results/manifests/C4-primary_down-MW-matrix-20260926T063608Z-seed0.json,,,,,,
C4,MW,partition,primary consistency matrix,matrix-20260926T063608Z,C4-partition-MW-matrix-20260926T063608Z-seed0,complete,30,30,0,0,30,0,0,0,0,0,0,0,30,results/raw/C4-partition-MW-matrix-20260926T063608Z-seed0.jsonl,results/manifests/C4-partition-MW-matrix-20260926T063608Z-seed0.json,,,,,,
C4,WFR,normal,primary consistency matrix,matrix-20260926T063608Z,C4-normal-WFR-matrix-20260926T063608Z-seed0,complete,2000,2000,1999,0,0,1,0,0,0,0,0,0,1,results/raw/C4-normal-WFR-matrix-20260926T063608Z-seed0.jsonl,results/manifests/C4-normal-WFR-matrix-20260926T063608Z-seed0.json,p95-hires-20260926,2000,4000,0,results/raw/C4-normal-WFR-p95-hires-20260926-seed0.jsonl,results/manifests/C4-normal-WFR-p95-hires-20260926-seed0.json
C4,WFR,secondary_down,primary consistency matrix,matrix-20260926T063608Z,C4-secondary_down-WFR-matrix-20260926T063608Z-seed0,complete,30,30,30,0,0,0,0,0,0,0,0,0,0,results/raw/C4-secondary_down-WFR-matrix-20260926T063608Z-seed0.jsonl,results/manifests/C4-secondary_down-WFR-matrix-20260926T063608Z-seed0.json,,,,,,
C4,WFR,primary_down,primary consistency matrix,matrix-20260926T063608Z,C4-primary_down-WFR-matrix-20260926T063608Z-seed0,complete,30,30,0,0,30,0,0,0,0,0,0,0,30,results/raw/C4-primary_down-WFR-matrix-20260926T063608Z-seed0.jsonl,results/manifests/C4-primary_down-WFR-matrix-20260926T063608Z-seed0.json,,,,,,
C4,WFR,partition,primary consistency matrix,matrix-20260926T063608Z,C4-partition-WFR-matrix-20260926T063608Z-seed0,complete,30,30,0,0,30,0,0,0,0,0,0,0,30,results/raw/C4-partition-WFR-matrix-20260926T063608Z-seed0.jsonl,results/manifests/C4-partition-WFR-matrix-20260926T063608Z-seed0.json,,,,,,
