config,property,scenario,operation,target_node,successful_observations,failed_operations,p95_latency_ms
C1,MR,normal,read1,secondary,2000,0,16.0
C1,MR,normal,read2,delayed,2000,0,16.0
C1,MR,normal,write,primary,2000,0,16.0
C1,MW,normal,write_init,primary,2000,0,16.0
C1,MW,normal,write_v1,primary,2000,0,16.0
C1,MW,normal,write_v2,primary,2000,0,16.0
C1,MW,normal,write_v3,primary,2000,0,16.0
C1,RYW,normal,read,delayed,2000,0,16.0
C1,RYW,normal,write,primary,2000,0,16.0
C1,WFR,normal,read,delayed,2000,0,16.0
C1,WFR,normal,write_init,primary,2000,0,16.0
C2,MR,normal,read1,secondary,2000,0,94.0
C2,MR,normal,read2,delayed,2000,0,16.0
C2,MR,normal,write,primary,2000,0,16.0
C2,MW,normal,write_init,primary,2000,0,16.0
C2,MW,normal,write_v1,primary,2000,0,16.0
C2,MW,normal,write_v2,primary,2000,0,16.0
C2,MW,normal,write_v3,primary,2000,0,16.0
C2,RYW,normal,read,delayed,2000,0,16.0
C2,RYW,normal,write,primary,2000,0,16.0
C2,WFR,normal,read,delayed,2000,0,16.0
C2,WFR,normal,write_init,primary,2000,0,16.0
C3,MR,normal,read1,secondary,2000,0,16.0
C3,MR,normal,read2,delayed,2000,0,16.0
C3,MR,normal,write,primary,2000,0,16.0
C3,MW,normal,write_init,primary,2000,0,16.0
C3,MW,normal,write_v1,primary,2000,0,16.0
C3,MW,normal,write_v2,primary,2000,0,16.0
C3,MW,normal,write_v3,primary,2000,0,16.0
C3,RYW,normal,read,delayed,2000,0,16.0
C3,RYW,normal,write,primary,2000,0,16.0
C3,WFR,normal,read,delayed,2000,0,16.0
C3,WFR,normal,write_init,primary,2000,0,16.0
C4,MR,normal,read1,secondary,2000,0,16.0
C4,MR,normal,read2,delayed,2000,0,16.0
C4,MR,normal,write,primary,2000,0,16.0
C4,MW,normal,write_init,primary,2000,0,16.0
C4,MW,normal,write_v1,primary,2000,0,16.0
C4,MW,normal,write_v2,primary,2000,0,16.0
C4,MW,normal,write_v3,primary,2000,0,16.0
C4,RYW,normal,read,delayed,2000,0,16.0
C4,RYW,normal,write,primary,2000,0,16.0
C4,WFR,normal,read,delayed,2000,0,16.0
C4,WFR,normal,write_init,primary,2000,0,16.0
