experiment_id,run_id,config,scenario,property,read_target,causal,causal_session_effective_for_reads,manifest_status,git_commit,planned_trials,observed_trials,duplicate_op_records,valid_observation,in_order,read_miss,precondition_unmatched,acked_write_lost,interrupted,timeout,operation_error,indeterminate,not_executed,decidable_trials,observed_violations
C1-normal-MR-matrix-20260926T063608Z-seed0,matrix-20260926T063608Z,C1,normal,MR,,on,True,complete,4355a83ed18665a0f441b2b25785eabb51a560e2,2000,2000,0,2000,0,0,0,0,0,0,0,0,0,2000,0
C1-normal-MW-matrix-20260926T063608Z-seed0,matrix-20260926T063608Z,C1,normal,MW,secondary,on,True,complete,4355a83ed18665a0f441b2b25785eabb51a560e2,2000,2000,0,0,1998,0,0,0,0,1,1,0,0,1998,0
C1-normal-RYW-matrix-20260926T063608Z-seed0,matrix-20260926T063608Z,C1,normal,RYW,secondary,on,True,complete,4355a83ed18665a0f441b2b25785eabb51a560e2,2000,2000,0,2000,0,0,0,0,0,0,0,0,0,2000,0
C1-normal-WFR-matrix-20260926T063608Z-seed0,matrix-20260926T063608Z,C1,normal,WFR,secondary,on,True,complete,4355a83ed18665a0f441b2b25785eabb51a560e2,2000,2000,0,1998,0,0,0,0,0,1,1,0,0,1998,0
C1-partition-MR-matrix-20260926T063608Z-seed0,matrix-20260926T063608Z,C1,partition,MR,,on,True,complete,4355a83ed18665a0f441b2b25785eabb51a560e2,30,30,0,0,0,0,0,0,0,30,0,0,0,0,0
C1-partition-MW-matrix-20260926T063608Z-seed0,matrix-20260926T063608Z,C1,partition,MW,secondary,on,True,complete,4355a83ed18665a0f441b2b25785eabb51a560e2,30,30,0,0,0,0,0,0,0,30,0,0,0,0,0
C1-partition-RYW-matrix-20260926T063608Z-seed0,matrix-20260926T063608Z,C1,partition,RYW,secondary,on,True,complete,4355a83ed18665a0f441b2b25785eabb51a560e2,30,30,0,0,0,0,0,0,0,30,0,0,0,0,0
C1-partition-WFR-matrix-20260926T063608Z-seed0,matrix-20260926T063608Z,C1,partition,WFR,secondary,on,True,complete,4355a83ed18665a0f441b2b25785eabb51a560e2,30,30,0,0,0,0,0,0,0,30,0,0,0,0,0
C1-primary_down-MR-matrix-20260926T063608Z-seed0,matrix-20260926T063608Z,C1,primary_down,MR,,on,True,complete,4355a83ed18665a0f441b2b25785eabb51a560e2,30,30,0,0,0,0,0,0,0,30,0,0,0,0,0
C1-primary_down-MW-matrix-20260926T063608Z-seed0,matrix-20260926T063608Z,C1,primary_down,MW,secondary,on,True,complete,4355a83ed18665a0f441b2b25785eabb51a560e2,30,30,0,0,0,0,0,0,0,30,0,0,0,0,0
C1-primary_down-RYW-matrix-20260926T063608Z-seed0,matrix-20260926T063608Z,C1,primary_down,RYW,secondary,on,True,complete,4355a83ed18665a0f441b2b25785eabb51a560e2,30,30,0,0,0,0,0,0,0,30,0,0,0,0,0
C1-primary_down-WFR-matrix-20260926T063608Z-seed0,matrix-20260926T063608Z,C1,primary_down,WFR,secondary,on,True,complete,4355a83ed18665a0f441b2b25785eabb51a560e2,30,30,0,0,0,0,0,0,0,30,0,0,0,0,0
C1-secondary_down-MR-matrix-20260926T063608Z-seed0,matrix-20260926T063608Z,C1,secondary_down,MR,,on,True,complete,4355a83ed18665a0f441b2b25785eabb51a560e2,30,30,0,30,0,0,0,0,0,0,0,0,0,30,0
C1-secondary_down-MW-matrix-20260926T063608Z-seed0,matrix-20260926T063608Z,C1,secondary_down,MW,secondary,on,True,complete,4355a83ed18665a0f441b2b25785eabb51a560e2,30,30,0,0,30,0,0,0,0,0,0,0,0,30,0
C1-secondary_down-RYW-matrix-20260926T063608Z-seed0,matrix-20260926T063608Z,C1,secondary_down,RYW,secondary,on,True,complete,4355a83ed18665a0f441b2b25785eabb51a560e2,30,30,0,30,0,0,0,0,0,0,0,0,0,30,0
C1-secondary_down-WFR-matrix-20260926T063608Z-seed0,matrix-20260926T063608Z,C1,secondary_down,WFR,secondary,on,True,complete,4355a83ed18665a0f441b2b25785eabb51a560e2,30,30,0,30,0,0,0,0,0,0,0,0,0,30,0
C2-normal-MR-matrix-20260926T063608Z-seed0,matrix-20260926T063608Z,C2,normal,MR,,on,True,complete,4355a83ed18665a0f441b2b25785eabb51a560e2,2000,2000,0,0,0,0,0,0,0,0,2000,0,0,0,0
C2-normal-MW-matrix-20260926T063608Z-seed0,matrix-20260926T063608Z,C2,normal,MW,secondary,on,True,complete,4355a83ed18665a0f441b2b25785eabb51a560e2,2000,2000,0,0,1999,0,0,0,0,0,1,0,0,1999,0
C2-normal-RYW-matrix-20260926T063608Z-seed0,matrix-20260926T063608Z,C2,normal,RYW,secondary,on,True,complete,4355a83ed18665a0f441b2b25785eabb51a560e2,2000,2000,0,1999,0,0,0,0,0,0,1,0,0,1999,0
C2-normal-WFR-matrix-20260926T063608Z-seed0,matrix-20260926T063608Z,C2,normal,WFR,secondary,on,True,complete,4355a83ed18665a0f441b2b25785eabb51a560e2,2000,2000,0,2000,0,0,0,0,0,0,0,0,0,2000,0
C2-partition-MR-matrix-20260926T063608Z-seed0,matrix-20260926T063608Z,C2,partition,MR,,on,True,complete,4355a83ed18665a0f441b2b25785eabb51a560e2,30,30,0,0,0,0,0,0,0,0,30,0,0,0,0
C2-partition-MW-matrix-20260926T063608Z-seed0,matrix-20260926T063608Z,C2,partition,MW,secondary,on,True,complete,4355a83ed18665a0f441b2b25785eabb51a560e2,30,30,0,0,30,0,0,0,0,0,0,0,0,30,0
C2-partition-RYW-matrix-20260926T063608Z-seed0,matrix-20260926T063608Z,C2,partition,RYW,secondary,on,True,complete,4355a83ed18665a0f441b2b25785eabb51a560e2,30,30,0,0,0,0,0,0,0,30,0,0,0,0,0
C2-partition-WFR-matrix-20260926T063608Z-seed0,matrix-20260926T063608Z,C2,partition,WFR,secondary,on,True,complete,4355a83ed18665a0f441b2b25785eabb51a560e2,30,30,0,0,0,0,0,0,0,30,0,0,0,0,0
C2-primary_down-MR-matrix-20260926T063608Z-seed0,matrix-20260926T063608Z,C2,primary_down,MR,,on,True,complete,4355a83ed18665a0f441b2b25785eabb51a560e2,30,30,0,0,0,0,0,0,0,0,30,0,0,0,0
C2-primary_down-MW-matrix-20260926T063608Z-seed0,matrix-20260926T063608Z,C2,primary_down,MW,secondary,on,True,complete,4355a83ed18665a0f441b2b25785eabb51a560e2,30,30,0,0,30,0,0,0,0,0,0,0,0,30,0
C2-primary_down-RYW-matrix-20260926T063608Z-seed0,matrix-20260926T063608Z,C2,primary_down,RYW,secondary,on,True,complete,4355a83ed18665a0f441b2b25785eabb51a560e2,30,30,0,0,0,0,0,0,0,30,0,0,0,0,0
C2-primary_down-WFR-matrix-20260926T063608Z-seed0,matrix-20260926T063608Z,C2,primary_down,WFR,secondary,on,True,complete,4355a83ed18665a0f441b2b25785eabb51a560e2,30,30,0,0,0,0,0,0,0,30,0,0,0,0,0
C2-secondary_down-MR-matrix-20260926T063608Z-seed0,matrix-20260926T063608Z,C2,secondary_down,MR,,on,True,complete,4355a83ed18665a0f441b2b25785eabb51a560e2,30,30,0,0,0,0,0,0,0,0,30,0,0,0,0
C2-secondary_down-MW-matrix-20260926T063608Z-seed0,matrix-20260926T063608Z,C2,secondary_down,MW,secondary,on,True,complete,4355a83ed18665a0f441b2b25785eabb51a560e2,30,30,0,0,30,0,0,0,0,0,0,0,0,30,0
C2-secondary_down-RYW-matrix-20260926T063608Z-seed0,matrix-20260926T063608Z,C2,secondary_down,RYW,secondary,on,True,complete,4355a83ed18665a0f441b2b25785eabb51a560e2,30,30,0,30,0,0,0,0,0,0,0,0,0,30,0
C2-secondary_down-WFR-matrix-20260926T063608Z-seed0,matrix-20260926T063608Z,C2,secondary_down,WFR,secondary,on,True,complete,4355a83ed18665a0f441b2b25785eabb51a560e2,30,30,0,30,0,0,0,0,0,0,0,0,0,30,0
C3-normal-MR-matrix-20260926T063608Z-seed0,matrix-20260926T063608Z,C3,normal,MR,,on,True,complete,4355a83ed18665a0f441b2b25785eabb51a560e2,2000,2000,0,0,0,0,0,0,0,0,2000,0,0,0,0
C3-normal-MW-matrix-20260926T063608Z-seed0,matrix-20260926T063608Z,C3,normal,MW,secondary,on,True,complete,4355a83ed18665a0f441b2b25785eabb51a560e2,2000,2000,0,0,2000,0,0,0,0,0,0,0,0,2000,0
C3-normal-RYW-matrix-20260926T063608Z-seed0,matrix-20260926T063608Z,C3,normal,RYW,secondary,on,True,complete,4355a83ed18665a0f441b2b25785eabb51a560e2,2000,2000,0,1999,0,0,0,0,0,0,1,0,0,1999,0
C3-normal-WFR-matrix-20260926T063608Z-seed0,matrix-20260926T063608Z,C3,normal,WFR,secondary,on,True,complete,4355a83ed18665a0f441b2b25785eabb51a560e2,2000,2000,0,1999,0,0,0,0,0,0,1,0,0,1999,0
C3-partition-MR-matrix-20260926T063608Z-seed0,matrix-20260926T063608Z,C3,partition,MR,,on,True,complete,4355a83ed18665a0f441b2b25785eabb51a560e2,30,30,0,0,0,0,0,0,0,0,30,0,0,0,0
C3-partition-MW-matrix-20260926T063608Z-seed0,matrix-20260926T063608Z,C3,partition,MW,secondary,on,True,complete,4355a83ed18665a0f441b2b25785eabb51a560e2,30,30,0,0,30,0,0,0,0,0,0,0,0,30,0
C3-partition-RYW-matrix-20260926T063608Z-seed0,matrix-20260926T063608Z,C3,partition,RYW,secondary,on,True,complete,4355a83ed18665a0f441b2b25785eabb51a560e2,30,30,0,0,0,0,0,0,0,30,0,0,0,0,0
C3-partition-WFR-matrix-20260926T063608Z-seed0,matrix-20260926T063608Z,C3,partition,WFR,secondary,on,True,complete,4355a83ed18665a0f441b2b25785eabb51a560e2,30,30,0,0,0,0,0,0,0,30,0,0,0,0,0
C3-primary_down-MR-matrix-20260926T063608Z-seed0,matrix-20260926T063608Z,C3,primary_down,MR,,on,True,complete,4355a83ed18665a0f441b2b25785eabb51a560e2,30,30,0,0,0,0,0,0,0,0,30,0,0,0,0
C3-primary_down-MW-matrix-20260926T063608Z-seed0,matrix-20260926T063608Z,C3,primary_down,MW,secondary,on,True,complete,4355a83ed18665a0f441b2b25785eabb51a560e2,30,30,0,0,30,0,0,0,0,0,0,0,0,30,0
C3-primary_down-RYW-matrix-20260926T063608Z-seed0,matrix-20260926T063608Z,C3,primary_down,RYW,secondary,on,True,complete,4355a83ed18665a0f441b2b25785eabb51a560e2,30,30,0,0,0,0,0,0,0,30,0,0,0,0,0
C3-primary_down-WFR-matrix-20260926T063608Z-seed0,matrix-20260926T063608Z,C3,primary_down,WFR,secondary,on,True,complete,4355a83ed18665a0f441b2b25785eabb51a560e2,30,30,0,0,0,0,0,0,0,30,0,0,0,0,0
C3-secondary_down-MR-matrix-20260926T063608Z-seed0,matrix-20260926T063608Z,C3,secondary_down,MR,,on,True,complete,4355a83ed18665a0f441b2b25785eabb51a560e2,30,30,0,0,0,0,0,0,0,0,30,0,0,0,0
C3-secondary_down-MW-matrix-20260926T063608Z-seed0,matrix-20260926T063608Z,C3,secondary_down,MW,secondary,on,True,complete,4355a83ed18665a0f441b2b25785eabb51a560e2,30,30,0,0,30,0,0,0,0,0,0,0,0,30,0
C3-secondary_down-RYW-matrix-20260926T063608Z-seed0,matrix-20260926T063608Z,C3,secondary_down,RYW,secondary,on,True,complete,4355a83ed18665a0f441b2b25785eabb51a560e2,30,30,0,30,0,0,0,0,0,0,0,0,0,30,0
C3-secondary_down-WFR-matrix-20260926T063608Z-seed0,matrix-20260926T063608Z,C3,secondary_down,WFR,secondary,on,True,complete,4355a83ed18665a0f441b2b25785eabb51a560e2,30,30,0,30,0,0,0,0,0,0,0,0,0,30,0
C4-normal-MR-matrix-20260926T063608Z-seed0,matrix-20260926T063608Z,C4,normal,MR,,on,True,complete,4355a83ed18665a0f441b2b25785eabb51a560e2,2000,2000,0,0,0,0,0,0,0,1,1999,0,0,0,0
C4-normal-MW-matrix-20260926T063608Z-seed0,matrix-20260926T063608Z,C4,normal,MW,secondary,on,True,complete,4355a83ed18665a0f441b2b25785eabb51a560e2,2000,2000,0,0,1999,0,0,0,0,0,1,0,0,1999,0
C4-normal-RYW-matrix-20260926T063608Z-seed0,matrix-20260926T063608Z,C4,normal,RYW,secondary,on,True,complete,4355a83ed18665a0f441b2b25785eabb51a560e2,2000,2000,0,1998,0,0,0,0,0,1,1,0,0,1998,0
C4-normal-WFR-matrix-20260926T063608Z-seed0,matrix-20260926T063608Z,C4,normal,WFR,secondary,on,True,complete,4355a83ed18665a0f441b2b25785eabb51a560e2,2000,2000,0,1999,0,0,0,0,0,0,1,0,0,1999,0
C4-partition-MR-matrix-20260926T063608Z-seed0,matrix-20260926T063608Z,C4,partition,MR,,on,True,complete,4355a83ed18665a0f441b2b25785eabb51a560e2,30,30,0,0,0,0,0,0,0,30,0,0,0,0,0
C4-partition-MW-matrix-20260926T063608Z-seed0,matrix-20260926T063608Z,C4,partition,MW,secondary,on,True,complete,4355a83ed18665a0f441b2b25785eabb51a560e2,30,30,0,0,0,0,0,0,0,30,0,0,0,0,0
C4-partition-RYW-matrix-20260926T063608Z-seed0,matrix-20260926T063608Z,C4,partition,RYW,secondary,on,True,complete,4355a83ed18665a0f441b2b25785eabb51a560e2,30,30,0,0,0,0,0,0,0,30,0,0,0,0,0
C4-partition-WFR-matrix-20260926T063608Z-seed0,matrix-20260926T063608Z,C4,partition,WFR,secondary,on,True,complete,4355a83ed18665a0f441b2b25785eabb51a560e2,30,30,0,0,0,0,0,0,0,30,0,0,0,0,0
C4-primary_down-MR-matrix-20260926T063608Z-seed0,matrix-20260926T063608Z,C4,primary_down,MR,,on,True,complete,4355a83ed18665a0f441b2b25785eabb51a560e2,30,30,0,0,0,0,0,0,0,30,0,0,0,0,0
C4-primary_down-MW-matrix-20260926T063608Z-seed0,matrix-20260926T063608Z,C4,primary_down,MW,secondary,on,True,complete,4355a83ed18665a0f441b2b25785eabb51a560e2,30,30,0,0,0,0,0,0,0,30,0,0,0,0,0
C4-primary_down-RYW-matrix-20260926T063608Z-seed0,matrix-20260926T063608Z,C4,primary_down,RYW,secondary,on,True,complete,4355a83ed18665a0f441b2b25785eabb51a560e2,30,30,0,0,0,0,0,0,0,30,0,0,0,0,0
C4-primary_down-WFR-matrix-20260926T063608Z-seed0,matrix-20260926T063608Z,C4,primary_down,WFR,secondary,on,True,complete,4355a83ed18665a0f441b2b25785eabb51a560e2,30,30,0,0,0,0,0,0,0,30,0,0,0,0,0
C4-secondary_down-MR-matrix-20260926T063608Z-seed0,matrix-20260926T063608Z,C4,secondary_down,MR,,on,True,complete,4355a83ed18665a0f441b2b25785eabb51a560e2,30,30,0,0,0,0,0,0,0,0,30,0,0,0,0
C4-secondary_down-MW-matrix-20260926T063608Z-seed0,matrix-20260926T063608Z,C4,secondary_down,MW,secondary,on,True,complete,4355a83ed18665a0f441b2b25785eabb51a560e2,30,30,0,0,30,0,0,0,0,0,0,0,0,30,0
C4-secondary_down-RYW-matrix-20260926T063608Z-seed0,matrix-20260926T063608Z,C4,secondary_down,RYW,secondary,on,True,complete,4355a83ed18665a0f441b2b25785eabb51a560e2,30,30,0,30,0,0,0,0,0,0,0,0,0,30,0
C4-secondary_down-WFR-matrix-20260926T063608Z-seed0,matrix-20260926T063608Z,C4,secondary_down,WFR,secondary,on,True,complete,4355a83ed18665a0f441b2b25785eabb51a560e2,30,30,0,30,0,0,0,0,0,0,0,0,0,30,0
